,Position,Nucleotide,binding_0.5,fimo_score_0.5,fimo_log_score_0.5,binding_0.1,fimo_score_0.1,fimo_log_score_0.1,binding_0.05,fimo_score_0.05,fimo_log_score_0.05,binding_0.01,fimo_score_0.01,fimo_log_score_0.01,binding_0.001,fimo_score_0.001,fimo_log_score_0.001,3d,normal_3d,3d_x_nucleotide,normal_3d_x_nucleotide,best_3d,3dc,normal_3dc,3dc_x_nucleotide,normal_3dc_x_nucleotide,best_3dc,local,normal_local,local_x_nucleotide,normal_local_x_nucleotide,best_local,pair,normal_pair,pair_x_nucleotide,normal_pair_x_nucleotide,best_pair,s3dc,normal_s3dc,s3dc_x_nucleotide,normal_s3dc_x_nucleotide,best_s3dc,s3dc_di,normal_s3dc_di,s3dc_di_x_nucleotide,normal_s3dc_di_x_nucleotide,best_s3dc_di,s3dc_dd,normal_s3dc_dd,s3dc_dd_x_nucleotide,normal_s3dc_dd_x_nucleotide,best_s3dc_dd,3d_weighted_0.5,normal_3d_weighted_0.5,3d_x_nucleotide_weighted_0.5,normal_3d_x_nucleotide_weighted_0.5,best_3d_weighted_0.5,3dc_weighted_0.5,normal_3dc_weighted_0.5,3dc_x_nucleotide_weighted_0.5,normal_3dc_x_nucleotide_weighted_0.5,best_3dc_weighted_0.5,local_weighted_0.5,normal_local_weighted_0.5,local_x_nucleotide_weighted_0.5,normal_local_x_nucleotide_weighted_0.5,best_local_weighted_0.5,pair_weighted_0.5,normal_pair_weighted_0.5,pair_x_nucleotide_weighted_0.5,normal_pair_x_nucleotide_weighted_0.5,best_pair_weighted_0.5,s3dc_weighted_0.5,normal_s3dc_weighted_0.5,s3dc_x_nucleotide_weighted_0.5,normal_s3dc_x_nucleotide_weighted_0.5,best_s3dc_weighted_0.5,s3dc_di_weighted_0.5,normal_s3dc_di_weighted_0.5,s3dc_di_x_nucleotide_weighted_0.5,normal_s3dc_di_x_nucleotide_weighted_0.5,best_s3dc_di_weighted_0.5,s3dc_dd_weighted_0.5,normal_s3dc_dd_weighted_0.5,s3dc_dd_x_nucleotide_weighted_0.5,normal_s3dc_dd_x_nucleotide_weighted_0.5,best_s3dc_dd_weighted_0.5,3d_weighted_0.1,normal_3d_weighted_0.1,3d_x_nucleotide_weighted_0.1,normal_3d_x_nucleotide_weighted_0.1,best_3d_weighted_0.1,3dc_weighted_0.1,normal_3dc_weighted_0.1,3dc_x_nucleotide_weighted_0.1,normal_3dc_x_nucleotide_weighted_0.1,best_3dc_weighted_0.1,local_weighted_0.1,normal_local_weighted_0.1,local_x_nucleotide_weighted_0.1,normal_local_x_nucleotide_weighted_0.1,best_local_weighted_0.1,pair_weighted_0.1,normal_pair_weighted_0.1,pair_x_nucleotide_weighted_0.1,normal_pair_x_nucleotide_weighted_0.1,best_pair_weighted_0.1,s3dc_weighted_0.1,normal_s3dc_weighted_0.1,s3dc_x_nucleotide_weighted_0.1,normal_s3dc_x_nucleotide_weighted_0.1,best_s3dc_weighted_0.1,s3dc_di_weighted_0.1,normal_s3dc_di_weighted_0.1,s3dc_di_x_nucleotide_weighted_0.1,normal_s3dc_di_x_nucleotide_weighted_0.1,best_s3dc_di_weighted_0.1,s3dc_dd_weighted_0.1,normal_s3dc_dd_weighted_0.1,s3dc_dd_x_nucleotide_weighted_0.1,normal_s3dc_dd_x_nucleotide_weighted_0.1,best_s3dc_dd_weighted_0.1
0,1,A,0.0,0.0,0.0,0.0,0.0,0.0,0.0,0.0,0.0,0.0,0.0,0.0,0.0,0.0,0.0,-830.2105797900127,0.0,-60.65932802440919,7.306499037840726,0.0,-5.326066666666678,0.2862462225948801,-3.440733333333333,64.60176991150428,0.2862462225948801,-9.084642558929154,0.0,3.036228405366371,-33.42155055271943,0.0,21.142546405870874,0.03845005520478997,-1.0245655833935312,-4.845989521437348,0.03845005520478997,3.6162366578836664,0.3626517903841185,0.0,0.0,0.3626517903841185,4.268972060946518,0.07535469641193429,0.0,0.0,0.07535469641193429,1.000000000000001,0.08061583822192499,0.0,0.0,0.08061583822192499,0.0,0.0,0.0,0.0,0.0,0.0,0.0,0.0,0.0,0.0,0.0,0.0,0.0,0.0,0.0,0.0,0.0,0.0,0.0,0.0,0.0,0.0,0.0,0.0,0.0,0.0,0.0,0.0,0.0,0.0,0.0,0.0,0.0,0.0,0.0,0.0,0.0,0.0,0.0,0.0,0.0,0.0,0.0,0.0,0.0,0.0,0.0,0.0,0.0,0.0,0.0,0.0,0.0,0.0,0.0,0.0,0.0,0.0,0.0,0.0,0.0,0.0,0.0,0.0,0.0,0.0,0.0,0.0,0.0,0.0
1,2,A,0.0,0.0,0.0,0.0,0.0,0.0,0.0,0.0,0.0,0.0,0.0,0.0,0.0,0.0,0.0,-830.2105797900127,0.0,-69.50945617853986,8.372509080301176,0.0,-5.326066666666678,0.2862462225948801,-3.3323,62.565870999236324,0.2862462225948801,-9.084642558929154,0.0,2.403171360913155,-26.453119595235094,0.0,21.142546405870874,0.03845005520478997,-0.40874016614005393,-1.9332589286716888,0.03845005520478997,3.6162366578836664,0.3626517903841185,0.0,0.0,0.3626517903841185,4.268972060946518,0.07535469641193429,0.0,0.0,0.07535469641193429,1.000000000000001,0.08061583822192499,0.0,0.0,0.08061583822192499,0.0,0.0,0.0,0.0,0.0,0.0,0.0,0.0,0.0,0.0,0.0,0.0,0.0,0.0,0.0,0.0,0.0,0.0,0.0,0.0,0.0,0.0,0.0,0.0,0.0,0.0,0.0,0.0,0.0,0.0,0.0,0.0,0.0,0.0,0.0,0.0,0.0,0.0,0.0,0.0,0.0,0.0,0.0,0.0,0.0,0.0,0.0,0.0,0.0,0.0,0.0,0.0,0.0,0.0,0.0,0.0,0.0,0.0,0.0,0.0,0.0,0.0,0.0,0.0,0.0,0.0,0.0,0.0,0.0,0.0
2,3,A,0.0,0.0,0.0,0.0,0.0,0.0,0.0,0.0,0.0,0.0,0.0,0.0,0.0,0.0,0.0,-830.2105797900127,0.0,-78.76070793131039,9.486835008924066,0.0,-4.696437037037049,0.30818783996894505,-3.2673111111111113,73.17955818052158,0.352071074717075,-9.084642558929154,0.0,1.770114316459938,-19.484688637750754,0.0,20.08846224956675,0.0682295704774497,0.2990634152689857,1.1304166299992247,0.12778860102276915,3.6162366578836664,0.3626517903841185,0.0,0.0,0.3626517903841185,4.268972060946518,0.07535469641193429,0.0,0.0,0.07535469641193429,1.000000000000001,0.08061583822192499,0.0,0.0,0.08061583822192499,0.0,0.0,0.0,0.0,0.0,0.0,0.0,0.0,0.0,0.0,0.0,0.0,0.0,0.0,0.0,0.0,0.0,0.0,0.0,0.0,0.0,0.0,0.0,0.0,0.0,0.0,0.0,0.0,0.0,0.0,0.0,0.0,0.0,0.0,0.0,0.0,0.0,0.0,0.0,0.0,0.0,0.0,0.0,0.0,0.0,0.0,0.0,0.0,0.0,0.0,0.0,0.0,0.0,0.0,0.0,0.0,0.0,0.0,0.0,0.0,0.0,0.0,0.0,0.0,0.0,0.0,0.0,0.0,0.0,0.0
3,4,A,0.0,0.0,0.0,0.0,0.0,0.0,0.0,0.0,0.0,0.0,0.0,0.0,0.0,0.0,0.0,-830.2105797900127,0.0,-84.16015438692071,10.137205720530272,0.0,-4.238807288888901,0.32413552787995226,-2.720052777777778,73.25037225543898,0.3719785916129738,-9.084642558929154,0.0,1.4535857942333301,-16.000473159008585,0.0,19.626541928231198,0.08127953729622349,0.771388758249047,3.4988532131685197,0.12778860102276915,3.6162366578836664,0.3626517903841185,0.07897405729784834,2.183874142354013,0.3626517903841185,4.268972060946518,0.07535469641193429,-0.08354515567173809,-1.957032149168351,0.07535469641193429,1.000000000000001,0.08061583822192499,0.12500000000000014,12.5,0.08061583822192499,0.0,0.0,0.0,0.0,0.0,0.0,0.0,0.0,0.0,0.0,0.0,0.0,0.0,0.0,0.0,0.0,0.0,0.0,0.0,0.0,0.0,0.0,0.0,0.0,0.0,0.0,0.0,0.0,0.0,0.0,0.0,0.0,0.0,0.0,0.0,0.0,0.0,0.0,0.0,0.0,0.0,0.0,0.0,0.0,0.0,0.0,0.0,0.0,0.0,0.0,0.0,0.0,0.0,0.0,0.0,0.0,0.0,0.0,0.0,0.0,0.0,0.0,0.0,0.0,0.0,0.0,0.0,0.0,0.0,0.0
4,5,A,0.0,0.0,0.0,0.0,0.0,0.0,0.0,0.0,0.0,0.0,0.0,0.0,0.0,0.0,0.0,-830.2105797900127,0.0,-88.97689890596544,10.71738918678567,0.0,-3.7326441600000115,0.3417745289375621,-2.198264444444445,85.50936350988589,0.41233053316800145,-9.084642558929154,0.0,1.1417372160305626,-12.567772574699339,0.0,19.480647026196447,0.08540129497312526,1.1530623716296908,5.65501796877006,0.12778860102276915,3.3898220249950413,0.37259598041780634,0.142913233739489,3.9519878608588153,0.4123727405525578,3.7999999165967338,0.06190444341989722,-0.13999802253429589,-3.2794316883689207,0.07535469641193429,1.000000000000001,0.08061583822192499,0.20000000000000023,20.0,0.08061583822192499,0.0,0.0,0.0,0.0,0.0,0.0,0.0,0.0,0.0,0.0,0.0,0.0,0.0,0.0,0.0,0.0,0.0,0.0,0.0,0.0,0.0,0.0,0.0,0.0,0.0,0.0,0.0,0.0,0.0,0.0,0.0,0.0,0.0,0.0,0.0,0.0,0.0,0.0,0.0,0.0,0.0,0.0,0.0,0.0,0.0,0.0,0.0,0.0,0.0,0.0,0.0,0.0,0.0,0.0,0.0,0.0,0.0,0.0,0.0,0.0,0.0,0.0,0.0,0.0,0.0,0.0,0.0,0.0,0.0,0.0
5,6,A,0.0,0.0,0.0,0.0,0.0,0.0,0.0,0.0,0.0,0.0,0.0,0.0,0.0,0.0,0.0,-830.2105797900127,0.0,-92.62801211834854,11.157170767659595,0.0,-3.5343444740740844,0.34868496585036013,-1.817072222222223,77.55348875712394,0.41233053316800145,-9.084642558929154,0.0,0.7719194191438595,-8.496970729851688,0.0,18.748934099507462,0.10607332210228593,1.4404445006211104,7.026910131999595,0.20943345774808922,3.2388789364026245,0.3792254404402649,0.27345861437105373,7.561966769373168,0.4123727405525578,3.2274439456561814,0.045483377149683875,-0.013016282209558897,-0.30490436629076756,0.07535469641193429,1.000000000000001,0.08061583822192499,0.16666666666666685,16.666666666666668,0.08061583822192499,0.0,0.0,0.0,0.0,0.0,0.0,0.0,0.0,0.0,0.0,0.0,0.0,0.0,0.0,0.0,0.0,0.0,0.0,0.0,0.0,0.0,0.0,0.0,0.0,0.0,0.0,0.0,0.0,0.0,0.0,0.0,0.0,0.0,0.0,0.0,0.0,0.0,0.0,0.0,0.0,0.0,0.0,0.0,0.0,0.0,0.0,0.0,0.0,0.0,0.0,0.0,0.0,0.0,0.0,0.0,0.0,0.0,0.0,0.0,0.0,0.0,0.0,0.0,0.0,0.0,0.0,0.0,0.0,0.0,0.0
6,7,A,0.0,0.0,0.0,0.0,0.0,0.0,0.0,0.0,0.0,0.0,0.0,0.0,0.0,0.0,0.0,-830.2105797900128,0.0,-92.80902489900355,11.178974004701066,0.0,-4.584242158730168,0.3120976577019311,-1.2979349206349216,49.59369967862059,0.41233053316800145,-9.084642558929154,0.0,0.43448756402939115,-4.78265998041211,0.0,17.914963676478003,0.12963428239281027,1.6150034339947354,7.94474365366962,0.2710000441359564,3.1310624445508983,0.38396076902773535,0.35488049906293445,9.813530823245996,0.4123727405525578,2.670652441899624,0.029514440231851135,0.24533568097828007,5.746949792027549,0.07535469641193429,1.000000000000001,0.08061583822192499,0.14285714285714302,14.285714285714286,0.08061583822192499,0.0,0.0,0.0,0.0,0.0,0.0,0.0,0.0,0.0,0.0,0.0,0.0,0.0,0.0,0.0,0.0,0.0,0.0,0.0,0.0,0.0,0.0,0.0,0.0,0.0,0.0,0.0,0.0,0.0,0.0,0.0,0.0,0.0,0.0,0.0,0.0,0.0,0.0,0.0,0.0,0.0,0.0,0.0,0.0,0.0,0.0,0.0,0.0,0.0,0.0,0.0,0.0,0.0,0.0,0.0,0.0,0.0,0.0,0.0,0.0,0.0,0.0,0.0,0.0,0.0,0.0,0.0,0.0,0.0,0.0
7,8,A,0.0,0.0,0.0,0.0,0.0,0.0,0.0,0.0,0.0,0.0,0.0,0.0,0.0,0.0,0.0,-830.2105797900128,0.0,-90.22365464845066,10.86756262143409,0.0,-5.817811644444452,0.26910967177155737,-0.86552638888889,20.816941093854588,0.41233053316800145,-9.084642558929154,0.0,0.006329651902334754,-0.06967419864101654,0.0,17.406367231229,0.14400292223843494,1.734650798690056,9.074950162406884,0.2710000441359564,2.839347123858549,0.3967729823890947,0.3105204366800676,9.084452714719767,0.4864584759186102,1.9049416413944245,0.007553639127535174,0.38406842315785195,7.804252290363822,0.07535469641193429,1.000000000000001,0.08061583822192499,0.12500000000000014,12.5,0.08061583822192499,0.0,0.0,0.0,0.0,0.0,0.0,0.0,0.0,0.0,0.0,0.0,0.0,0.0,0.0,0.0,0.0,0.0,0.0,0.0,0.0,0.0,0.0,0.0,0.0,0.0,0.0,0.0,0.0,0.0,0.0,0.0,0.0,0.0,0.0,0.0,0.0,0.0,0.0,0.0,0.0,0.0,0.0,0.0,0.0,0.0,0.0,0.0,0.0,0.0,0.0,0.0,0.0,0.0,0.0,0.0,0.0,0.0,0.0,0.0,0.0,0.0,0.0,0.0,0.0,0.0,0.0,0.0,0.0,0.0,0.0
8,9,A,0.0,0.0,0.0,0.0,0.0,0.0,0.0,0.0,0.0,0.0,0.0,0.0,0.0,0.0,0.0,-830.2105797900128,0.0,-86.12964532459384,10.374433598085298,0.0,-6.59748914567902,0.24193911847768027,-0.6286160493827173,0.7250572381999218,0.41233053316800145,-9.084642558929154,0.0,-0.41364136003124763,4.553193560980403,0.0,17.020415657790405,0.15490665388735808,1.775412743423453,9.8657865227246,0.2710000441359564,2.450460950540769,0.4138529650722279,0.33891111951801156,10.372475476343467,0.5504928265372935,1.4119251962356971,-0.006586211173837431,0.4197106050683652,-0.6411650449023844,0.07535469641193429,1.000000000000001,0.08061583822192499,0.11111111111111123,11.11111111111111,0.08061583822192499,0.0,0.0,0.0,0.0,0.0,0.0,0.0,0.0,0.0,0.0,0.0,0.0,0.0,0.0,0.0,0.0,0.0,0.0,0.0,0.0,0.0,0.0,0.0,0.0,0.0,0.0,0.0,0.0,0.0,0.0,0.0,0.0,0.0,0.0,0.0,0.0,0.0,0.0,0.0,0.0,0.0,0.0,0.0,0.0,0.0,0.0,0.0,0.0,0.0,0.0,0.0,0.0,0.0,0.0,0.0,0.0,0.0,0.0,0.0,0.0,0.0,0.0,0.0,0.0,0.0,0.0,0.0,0.0,0.0,0.0
9,10,A,1.0,1.40649706843741,1.40649706843741,0.0,0.0,0.0,0.0,0.0,0.0,0.0,0.0,0.0,0.0,0.0,0.0,-830.2105797900128,0.0,-81.25148359699008,9.786852345044943,0.0,-7.061074430000008,0.22578388935543953,-0.5824211111111124,-6.040293415531347,0.41233053316800145,-9.084642558929152,0.0,-0.5923629970100814,6.520487659999975,0.0,16.69506404608301,0.16409834245594082,1.7699700714369235,10.334255117889061,0.2710000441359564,2.2399637580827063,0.42309805694926406,0.36162366578836663,12.067665756933307,0.5504928265372935,1.3200684923877206,-0.009220687273655447,0.42689720609465176,8.370686566383291,0.07535469641193429,0.900000000000001,0.08596295644447831,0.10000000000000012,10.0,0.13408702044745824,-830.2105797900127,0.0,-81.25148359699008,9.786852345044943,0.0,-11.233341988888897,0.08038682725527309,-0.5824211111111124,-6.040293415531347,0.08038682725527309,-9.084642558929154,0.0,-0.5923629970100814,6.520487659999975,0.0,13.766899540716471,0.24682353957318542,1.7699700714369235,10.334255117889061,0.24682353957318542,0.3454890259601453,0.5063038838425888,0.36162366578836663,12.067665756933307,0.5063038838425888,0.49335815775593084,-0.03293097217201759,0.42689720609465176,8.370686566383291,0.0,0.0,0.13408702044745824,0.10000000000000012,10.0,0.13408702044745824,0.0,0.0,0.0,0.0,0.0,0.0,0.0,0.0,0.0,0.0,0.0,0.0,0.0,0.0,0.0,0.0,0.0,0.0,0.0,0.0,0.0,0.0,0.0,0.0,0.0,0.0,0.0,0.0,0.0,0.0,0.0,0.0,0.0,0.0,0.0
10,11,A,1.0,0.9057261162976009,1.8114522325952018,0.0,0.0,0.0,0.0,0.0,0.0,0.0,0.0,0.0,0.0,0.0,0.0,-830.210579790013,0.0,-76.77370010154851,9.247497197755187,0.0,-6.789156148484856,0.23525982029841047,-0.6001808080808092,-5.294727264335532,0.41233053316800145,-9.084642558929152,0.0,-0.6380814146240223,7.023737152947885,0.0,16.375795622458064,0.17311817150901504,1.7840876336577265,10.79915462321115,0.2710000441359564,2.1336822833919085,0.42776596718060395,0.32874878708033334,14.382513523081881,0.5504928265372935,1.4140476984257524,-0.006525337214101559,0.38808836917695616,35.262336512621204,0.07535469641193429,0.7272727272727283,0.09519888791979768,0.09090909090909101,9.090909090909092,0.18755820267299145,-830.2105797900127,0.0,-76.77370010154851,9.247497197755187,0.0,-7.651657661111119,0.20520297849169647,-0.6001808080808092,-5.294727264335532,0.33001912972811986,-9.084642558929154,0.0,-0.6380814146240223,7.023737152947885,0.0,13.475005463462526,0.2550700008064713,1.7840876336577265,10.79915462321115,0.26331646203975717,0.708178281222037,0.49037447666829587,0.32874878708033334,14.382513523081881,0.5063038838425888,1.4235989582810002,-0.006251404395290136,0.38808836917695616,35.262336512621204,0.02042816338143732,-0.4999999999999999,0.16082261156022484,0.09090909090909101,9.090909090909092,0.18755820267299145,0.0,0.0,0.0,0.0,0.0,0.0,0.0,0.0,0.0,0.0,0.0,0.0,0.0,0.0,0.0,0.0,0.0,0.0,0.0,0.0,0.0,0.0,0.0,0.0,0.0,0.0,0.0,0.0,0.0,0.0,0.0,0.0,0.0,0.0,0.0
11,12,A,1.0,0.9057261162976009,1.8114522325952018,0.0,0.0,0.0,0.0,0.0,0.0,0.0,0.0,0.0,0.0,0.0,0.0,-830.210579790013,0.0,-73.04748220728335,8.798669155211131,0.0,-6.055843136111121,0.26081464296835416,-0.6242398148148157,-21.807176009605527,0.5419176923377342,-9.084642558929152,0.0,-0.6761800959689735,7.443111730404479,0.0,16.129077620187093,0.18008833842854188,1.8029636048427695,11.224768920544962,0.2710000441359564,2.180525998134461,0.42570857894848846,0.3013530548236389,8.726907432944943,0.5504928265372935,1.6598593114190578,0.0005246089777445548,0.35574767174554317,43.48279415218607,0.07807401708805181,0.7106673773449198,0.09608679561170629,0.08333333333333343,8.333333333333334,0.18755820267299145,-830.2105797900127,0.0,-73.04748220728335,8.798669155211131,0.0,-4.430905107407422,0.3174412164403757,-0.6242398148148157,-21.807176009605527,0.5419176923377342,-9.084642558929154,0.0,-0.6761800959689735,7.443111730404479,0.0,13.455063507377169,0.2556333920520933,1.8029636048427695,11.224768920544962,0.26331646203975717,1.3707211409155373,0.46127542057726995,0.3013530548236389,8.726907432944943,0.5063038838425888,2.4036616569691396,0.021857069432490512,0.35574767174554317,43.48279415218607,0.07807401708805181,-0.15733049062032434,0.14249966778105014,0.08333333333333343,8.333333333333334,0.18755820267299145,0.0,0.0,0.0,0.0,0.0,0.0,0.0,0.0,0.0,0.0,0.0,0.0,0.0,0.0,0.0,0.0,0.0,0.0,0.0,0.0,0.0,0.0,0.0,0.0,0.0,0.0,0.0,0.0,0.0,0.0,0.0,0.0,0.0,0.0,0.0
12,13,A,1.0,0.4862001833506803,1.458600550052041,0.0,0.0,0.0,0.0,0.0,0.0,0.0,0.0,0.0,0.0,0.0,0.0,-830.210579790013,0.0,-73.04748220728335,8.798669155211131,0.0,-4.902187121296308,0.30101776821397724,0.23051052083333243,-26.597502136784072,0.7686837255423568,-9.084642558929152,0.0,-0.6761800959689735,7.443111730404479,0.0,16.070775243635673,0.18173547115751967,0.6082655846640218,3.4661201482997863,0.2710000441359564,1.9983029794029121,0.4337118617030538,0.15067652741181944,1.0139902133398042,0.5504928265372935,2.000809629795236,0.010303159996448132,-0.2471306444537843,9.823107069799827,0.1926973086363772,0.5160227577593957,0.10649467353478344,0.04166666666666671,4.166666666666667,0.20551037329885077,-830.2105797900127,0.0,-73.04748220728335,8.798669155211131,0.0,-1.1937274527777966,0.430251843715871,0.23051052083333243,-26.597502136784072,0.7686837255423568,-9.084642558929154,0.0,-0.6761800959689735,7.443111730404479,0.0,15.202027102346326,0.20627895602720084,0.6082655846640218,3.4661201482997863,0.26331646203975717,1.3854309639629232,0.4606293612926782,0.15067652741181944,1.0139902133398042,0.5063038838425888,3.8928402130920183,0.0645671292334622,-0.2471306444537843,9.823107069799827,0.1926973086363772,-0.45193172672181525,0.1582523441605003,0.04166666666666671,4.166666666666667,0.20551037329885077,0.0,0.0,0.0,0.0,0.0,0.0,0.0,0.0,0.0,0.0,0.0,0.0,0.0,0.0,0.0,0.0,0.0,0.0,0.0,0.0,0.0,0.0,0.0,0.0,0.0,0.0,0.0,0.0,0.0,0.0,0.0,0.0,0.0,0.0,0.0
13,14,T,1.0,0.2988373783047396,1.494186891523698,0.0,0.0,0.0,0.0,0.0,0.0,0.0,0.0,0.0,0.0,0.0,0.0,-830.210579790013,0.0,-73.04748220728335,8.798669155211131,0.0,-3.763286425000011,0.34070669346339577,0.03173699490740604,-9.455674350891835,0.7686837255423568,-9.084642558929152,0.0,-0.6761800959689735,7.443111730404479,0.0,15.985950114140904,0.18413191286873157,0.3810325494608285,2.720737907228757,0.2710000441359564,1.7635913785167159,0.4440204567463413,0.18897151742170226,27.57658239499757,0.5504928265372935,1.4478532846986665,-0.00555578349242956,-0.07131004168142936,4.940880341703893,0.1926973086363772,0.4326894244260622,0.11095060538691119,-0.04166666666666666,4.166666666666667,0.20551037329885077,-830.2105797900127,0.0,-73.04748220728335,8.798669155211131,0.0,0.7131663755555373,0.4967041400902774,0.03173699490740604,-9.455674350891835,0.7686837255423568,-9.084642558929154,0.0,-0.6761800959689735,7.443111730404479,0.0,16.18655065226379,0.17846463596962725,0.3810325494608285,2.720737907228757,0.26331646203975717,1.2682842606202018,0.46577447521485615,0.18897151742170226,27.57658239499757,0.5063038838425888,2.6409713544311515,0.028663178295850154,-0.07131004168142936,4.940880341703893,0.1926973086363772,-0.3615453813774522,0.15341927941789188,-0.04166666666666666,4.166666666666667,0.20551037329885077,0.0,0.0,0.0,0.0,0.0,0.0,0.0,0.0,0.0,0.0,0.0,0.0,0.0,0.0,0.0,0.0,0.0,0.0,0.0,0.0,0.0,0.0,0.0,0.0,0.0,0.0,0.0,0.0,0.0,0.0,0.0,0.0,0.0,0.0,0.0
14,15,T,1.0,0.23058465259032201,1.383507915541932,0.0,0.0,0.0,0.0,0.0,0.0,0.0,0.0,0.0,0.0,0.0,0.0,-830.210579790013,0.0,-73.04748220728335,8.798669155211131,0.0,-3.115447669444455,0.3632828706722923,-1.0546130814814834,3.9262152125307836,0.7686837255423568,-9.084642558929152,0.0,-0.6761800959689735,7.443111730404479,0.0,16.294420094365254,0.17541715662056181,1.8029636048427695,12.40073574301856,0.2710000441359564,1.7206360497929774,0.44590706604512503,0.3779430348434046,43.94557020248783,0.5504928265372935,1.140587102678965,-0.01436826400722071,0.730793325656346,15.2237378174493,0.1926973086363772,0.17294454633050826,0.12483947109570744,-0.08333333333333331,-3.7246200164332044,0.2472822267274802,-830.2105797900127,0.0,-73.04748220728335,8.798669155211131,0.0,1.3171198611110944,0.5177509836125368,-1.0546130814814834,3.9262152125307836,0.7686837255423568,-9.084642558929154,0.0,-0.6761800959689735,7.443111730404479,0.0,17.102447826828282,0.15258911764881128,1.8029636048427695,12.40073574301856,0.26331646203975717,1.5736990027166347,0.45236057967396737,0.3779430348434046,43.94557020248783,0.5063038838425888,2.297772441477643,0.01882013695228187,0.730793325656346,15.2237378174493,0.1926973086363772,-0.6541109073389844,0.16906310396948995,-0.08333333333333331,-3.7246200164332044,0.2472822267274802,0.0,0.0,0.0,0.0,0.0,0.0,0.0,0.0,0.0,0.0,0.0,0.0,0.0,0.0,0.0,0.0,0.0,0.0,0.0,0.0,0.0,0.0,0.0,0.0,0.0,0.0,0.0,0.0,0.0,0.0,0.0,0.0,0.0,0.0,0.0
15,16,T,1.0,0.17678645196958082,1.4142916157566465,0.0,0.0,0.0,0.0,0.0,0.0,0.0,0.0,0.0,0.0,0.0,0.0,-830.210579790013,0.0,-73.04748220728335,8.798669155211131,0.0,-3.5447735212963067,0.34832152970797176,-0.06407685185185284,-1.7647174331297049,0.7686837255423568,-9.084642558929152,0.0,-0.6761800959689735,7.443111730404479,0.0,16.347980269528506,0.17390399844932727,0.9647144039062132,6.4843839993906025,0.2710000441359564,1.4195069935061024,0.4591327331417157,0.18897151742170226,16.368987807490267,0.5504928265372935,1.4381698097880717,-0.005833508276212022,0.36756542314102103,-0.10672858301541055,0.1926973086363772,-0.20769992117912098,0.14519298078105589,-0.04166666666666666,-7.891286683099871,0.32485795444610627,-830.2105797900128,0.0,-73.04748220728335,8.798669155211131,0.0,-0.016444157142872333,0.47127834310233524,-0.06407685185185284,-1.7647174331297049,0.7686837255423568,-9.084642558929154,0.0,-0.6761800959689735,7.443111730404479,0.0,17.35688428959332,0.14540089222722838,0.9647144039062132,6.4843839993906025,0.26331646203975717,1.3492688569629967,0.4622176105124303,0.18897151742170226,16.368987807490267,0.5213597955432079,3.089514170731665,0.0415275124139614,0.36756542314102103,-0.10672858301541055,0.1926973086363772,-1.070342722021351,0.19131951118043514,-0.04166666666666666,-7.891286683099871,0.32485795444610627,0.0,0.0,0.0,0.0,0.0,0.0,0.0,0.0,0.0,0.0,0.0,0.0,0.0,0.0,0.0,0.0,0.0,0.0,0.0,0.0,0.0,0.0,0.0,0.0,0.0,0.0,0.0,0.0,0.0,0.0,0.0,0.0,0.0,0.0,0.0
16,17,A,1.0,0.15458634833335388,1.5458634833335387,1.0,2.4569024533784027,2.4569024533784027,0.0,0.0,0.0,0.0,0.0,0.0,0.0,0.0,0.0,-830.210579790013,0.0,-73.04748220728335,8.798669155211131,0.0,-4.606840721296305,0.31131013279888337,0.09194511111111055,3.0650439291248426,0.7686837255423568,-9.084642558929152,0.0,-0.6761800959689735,7.443111730404479,0.0,16.295292585547056,0.17539250738898163,0.9102876859618426,5.549888856824875,0.2710000441359564,1.0666732715630471,0.47462928270890314,0.04000188238293542,5.0548425519517926,0.5983313353588069,2.416221825673174,0.02221729860330014,0.03354442171462052,-21.5846397065563,0.3447131140058947,-0.5226506709971831,0.16203376971664582,0.0,0.0,0.32485795444610627,-830.2105797900128,0.0,-73.04748220728335,8.798669155211131,0.0,-1.8209883930555686,0.408392771496911,0.09194511111111055,3.0650439291248426,0.7686837255423568,-9.084642558929154,0.0,-0.6761800959689735,7.443111730404479,0.0,17.47037565467916,0.14219458481839792,0.9102876859618426,5.549888856824875,0.26331646203975717,0.9618801036081066,0.4792318261182274,0.04000188238293542,5.0548425519517926,0.5983313353588069,4.41091684061756,0.07942571261295306,0.03354442171462052,-21.5846397065563,0.3447131140058947,-1.283976006495775,0.20274273546400623,0.0,0.0,0.32485795444610627,-830.2105797900127,0.0,-73.04748220728335,8.798669155211131,0.0,-14.452798044444442,-0.03180622974105854,0.09194511111111055,3.0650439291248426,0.0,-9.084642558929154,0.0,-0.6761800959689735,7.443111730404479,0.0,18.26481521028003,0.11975043295658458,0.9102876859618426,5.549888856824875,0.11975043295658458,-1.7498411698761236,0.5983313353588069,0.04000188238293542,5.0548425519517926,0.5983313353588069,13.660735529818826,0.3447131140058947,0.03354442171462052,-21.5846397065563,0.3447131140058947,-2.779408997816744,0.28270530544900396,0.0,0.0,0.28270530544900396
17,18,G,1.0,0.15091278028307498,1.6600405831138247,1.0,1.3146785085737718,2.6293570171475436,0.0,0.0,0.0,0.0,0.0,0.0,0.0,0.0,0.0,-830.210579790013,0.0,-73.04748220728335,8.798669155211131,0.0,-5.464512647222231,0.28142159460824284,-0.6242398148148157,8.660348358027596,0.7686837255423568,-9.084642558929152,0.0,-0.6761800959689735,7.443111730404479,0.0,16.33740253196731,0.17420283597133154,1.8808492668769887,11.48314711018307,0.2710000441359564,0.9934560117881248,0.47784500395297075,0.07226310539554744,2850.6055934232863,0.5983313353588069,3.4979900990177506,0.053242716915547404,0.5636018462779924,8.840099189668116,0.3447131140058947,-0.8859757796629407,0.1814611928092242,-0.2763562830035288,10.651973617299042,0.32485795444610627,-830.2105797900128,0.0,-73.04748220728335,8.798669155211131,0.0,-3.044757366666679,0.36574631823355014,-0.6242398148148157,8.660348358027596,0.7686837255423568,-9.084642558929154,0.0,-0.6761800959689735,7.443111730404479,0.0,17.262077117837652,0.14807934214260787,1.8808492668769887,11.48314711018307,0.26331646203975717,1.0333996894451472,0.4760906671585765,0.07226310539554744,2850.6055934232863,0.5983313353588069,5.403690899558757,0.10789875182768988,0.5636018462779924,8.840099189668116,0.3447131140058947,-1.5146343728839213,0.2150763110049906,-0.2763562830035288,10.651973617299042,0.32485795444610627,-830.2105797900127,0.0,-73.04748220728335,8.798669155211131,0.0,-13.643853600000003,-0.0036157688071975294,-0.6242398148148157,8.660348358027596,0.02457469212666348,-9.084642558929154,0.0,-0.6761800959689735,7.443111730404479,0.0,16.930252016692812,0.15745391684643606,1.8808492668769887,11.48314711018307,0.1951574007362875,-0.07214239686732593,0.5246463654200879,0.07226310539554744,2850.6055934232863,0.5983313353588069,13.503309450453578,0.3401980897757396,0.5636018462779924,8.840099189668116,0.3447131140058947,-3.0696551509029177,0.2982251103909348,-0.2763562830035288,10.651973617299042,0.31374491533286564
18,19,G,1.0,0.13738685160031333,1.64864221920376,1.0,1.3146785085737718,2.6293570171475436,0.0,0.0,0.0,0.0,0.0,0.0,0.0,0.0,0.0,-830.210579790013,0.0,-73.04748220728335,8.798669155211131,0.0,-5.493655457407418,0.28040601281190247,-0.6242398148148157,16.73385657627678,0.7686837255423568,-9.084642558929152,0.0,-0.6761800959689735,7.443111730404479,0.0,16.734901763759076,0.16297286503094852,1.0130520338480462,6.28736826902259,0.2710000441359564,1.1948401554881725,0.46900015956647806,-0.0987778606494355,1192.5970276366668,0.5983313353588069,4.591567573745657,0.08460682644464707,0.6200079014929797,34.8367640688969,0.3447131140058947,-1.1242454675518203,0.19420175470915144,-0.26834490412383133,26.876593633732245,0.32485795444610627,-830.2105797900128,0.0,-73.04748220728335,8.798669155211131,0.0,-3.863615828888901,0.33721036913572244,-0.6242398148148157,16.73385657627678,0.7686837255423568,-9.084642558929152,0.0,-0.6761800959689735,7.443111730404479,0.0,17.303982598034132,0.14689544721348316,1.0130520338480462,6.28736826902259,0.26331646203975717,1.4201370422847437,0.4591050612341833,-0.0987778606494355,1192.5970276366668,0.5983313353588069,6.108605121212397,0.12811588995232598,0.6200079014929797,34.8367640688969,0.3447131140058947,-1.5490945610621847,0.2169189380065967,-0.26834490412383133,26.876593633732245,0.32485795444610627,-830.2105797900127,0.0,-73.04748220728335,8.798669155211131,0.0,-13.643853600000003,-0.0036157688071975294,-0.6242398148148157,16.73385657627678,0.0,-9.084642558929154,0.0,-0.6761800959689735,7.443111730404479,0.0,16.930252016692812,0.15745391684643606,1.0130520338480462,6.28736826902259,0.0,-0.07214239686732593,0.5246463654200879,-0.0987778606494355,1192.5970276366668,0.0,13.503309450453578,0.3401980897757396,0.6200079014929797,34.8367640688969,0.0,-3.0696551509029177,0.2982251103909348,-0.26834490412383133,26.876593633732245,0.0
19,20,A,1.0,0.1214807963771135,1.5792503529024755,1.0,1.3146785085737718,2.6293570171475436,0.0,0.0,0.0,0.0,0.0,0.0,0.0,0.0,0.0,-830.210579790013,0.0,-73.04748220728335,8.798669155211131,0.0,-4.628420064814826,0.3105581261010007,-0.6242398148148157,23.056653174071574,0.7686837255423568,-9.084642558929152,0.0,-0.6761800959689735,7.443111730404479,0.0,17.203305989542503,0.1497397178367017,0.9386840784382459,5.269748468342275,0.2710000441359564,1.268889954895155,0.46574787296351045,-0.21617013970312335,-1651.831318600183,0.5983313353588069,6.5171762091025975,0.13983382365812033,0.18647811858596827,-1.1498743839237688,0.5165519979590028,-1.3700179024755659,0.207343497362972,0.00801137887969744,16.224620016433203,0.32485795444610627,-830.210579790013,0.0,-73.04748220728335,8.798669155211131,0.0,-3.882375602020213,0.33655662009866766,-0.6242398148148157,23.056653174071574,0.7686837255423568,-9.084642558929152,0.0,-0.6761800959689735,7.443111730404479,0.0,17.500624436748037,0.14134000972378885,0.9386840784382459,5.269748468342275,0.26331646203975717,1.4443007177039393,0.4580437862749847,-0.21617013970312335,-1651.831318600183,0.5983313353588069,7.339847352205935,0.1634282634074784,0.18647811858596827,-1.1498743839237688,0.5165519979590028,-1.58547407542789,0.21886419364852172,0.00801137887969744,16.224620016433203,0.32485795444610627,-830.2105797900127,0.0,-73.04748220728335,8.798669155211131,0.0,-13.643853600000003,-0.0036157688071975294,-0.6242398148148157,23.056653174071574,0.0,-9.084642558929154,0.0,-0.6761800959689735,7.443111730404479,0.0,16.930252016692812,0.15745391684643606,0.9386840784382459,5.269748468342275,0.0,-0.07214239686732593,0.5246463654200879,-0.21617013970312335,-1651.831318600183,0.0,13.503309450453578,0.3401980897757396,0.18647811858596827,-1.1498743839237688,0.0,-3.0696551509029177,0.2982251103909348,0.00801137887969744,16.224620016433203,0.0
20,21,G,1.0,0.09811999747034603,1.4717999620551905,1.0,1.3146785085737718,2.6293570171475436,0.0,0.0,0.0,0.0,0.0,0.0,0.0,0.0,0.0,-830.210579790013,0.0,-73.04748220728335,8.798669155211131,0.0,-3.5487017092592716,0.34818463844174036,-0.6242398148148157,-217.52957997056578,0.7686837255423568,-9.084642558929152,0.0,-0.6761800959689735,7.443111730404479,0.0,17.439263757609268,0.14307354425291097,1.8808492668769887,10.681463761000595,0.2710000441359564,1.480321573985947,0.4564617408237941,0.07226310539554744,-2.4878113387102387,0.5983313353588069,7.755431964111687,0.1753473469544978,0.5636018462779924,-2.451517137373829,0.5165519979590028,-1.512276800907778,0.21495024884424443,-0.2763562830035288,11.835476529945865,0.32485795444610627,-830.210579790013,0.0,-73.04748220728335,8.798669155211131,0.0,-3.5487017092592716,0.34818463844174036,-0.6242398148148157,-217.52957997056578,0.7686837255423568,-9.084642558929152,0.0,-0.6761800959689735,7.443111730404479,0.0,17.439263757609268,0.14307354425291097,1.8808492668769887,10.681463761000595,0.26331646203975717,1.480321573985947,0.4564617408237941,0.07226310539554744,-2.4878113387102387,0.5983313353588069,7.755431964111687,0.1753473469544978,0.5636018462779924,-2.451517137373829,0.5165519979590028,-1.512276800907778,0.21495024884424443,-0.2763562830035288,11.835476529945865,0.32485795444610627,-830.2105797900127,0.0,-73.04748220728335,8.798669155211131,0.0,-13.643853600000003,-0.0036157688071975294,-0.6242398148148157,-217.52957997056578,0.0,-9.084642558929154,0.0,-0.6761800959689735,7.443111730404479,0.0,16.930252016692812,0.15745391684643606,1.8808492668769887,10.681463761000595,0.0,-0.07214239686732593,0.5246463654200879,0.07226310539554744,-2.4878113387102387,0.0,13.503309450453578,0.3401980897757396,0.5636018462779924,-2.451517137373829,0.0,-3.0696551509029177,0.2982251103909348,-0.2763562830035288,11.835476529945865,0.0
21,22,G,1.0,0.09503934333452405,1.4255901500178607,1.0,1.3146785085737718,2.6293570171475436,0.0,0.0,0.0,0.0,0.0,0.0,0.0,0.0,0.0,-830.210579790013,0.0,-73.04748220728335,8.798669155211131,0.0,-2.107785136111126,0.3983983492141561,0.23051052083333243,-86.96353868725096,0.7686837255423568,-9.084642558929152,0.0,-0.6761800959689735,7.443111730404479,0.0,17.45083557123134,0.14274662253757173,1.265050938252023,6.97519089850045,0.2710000441359564,1.7652302845896324,0.4439484755619605,0.2130604848540745,824.5050590158568,0.5983313353588069,8.112522961412465,0.18558881718410694,1.3229036324679562,14.969620113447398,0.5165519979590028,-1.6752513720723436,0.2236646918371131,-0.2763562830035288,14.325072089506369,0.32485795444610627,-830.210579790013,0.0,-73.04748220728335,8.798669155211131,0.0,-2.107785136111126,0.3983983492141561,0.23051052083333243,-86.96353868725096,0.7686837255423568,-9.084642558929152,0.0,-0.6761800959689735,7.443111730404479,0.0,17.45083557123134,0.14274662253757173,1.265050938252023,6.97519089850045,0.26331646203975717,1.7652302845896324,0.4439484755619605,0.2130604848540745,824.5050590158568,0.5983313353588069,8.112522961412465,0.18558881718410694,1.3229036324679562,14.969620113447398,0.5165519979590028,-1.6752513720723436,0.2236646918371131,-0.2763562830035288,14.325072089506369,0.32485795444610627,-830.2105797900127,0.0,-73.04748220728335,8.798669155211131,0.0,-13.643853600000003,-0.0036157688071975294,0.23051052083333243,-86.96353868725096,0.0,-9.084642558929154,0.0,-0.6761800959689735,7.443111730404479,0.0,16.930252016692812,0.15745391684643606,1.265050938252023,6.97519089850045,0.0,-0.07214239686732593,0.5246463654200879,0.2130604848540745,824.5050590158568,0.0,13.503309450453578,0.3401980897757396,1.3229036324679562,14.969620113447398,0.0,-3.0696551509029177,0.2982251103909348,-0.2763562830035288,14.325072089506369,0.0
22,23,C,1.0,0.08951247083056652,1.3426870624584977,1.0,1.3146785085737718,2.6293570171475436,0.0,0.0,0.0,0.0,0.0,0.0,0.0,0.0,0.0,-830.210579790013,0.0,-73.04748220728335,8.798669155211131,0.0,-1.375065136111127,0.42393250632137797,0.03173699490740604,56.119120418356424,0.7686837255423568,-9.084642558929152,0.0,-0.6761800959689735,7.443111730404479,0.0,17.68603574308395,0.13610185222399904,1.3069791623096942,6.931688527945472,0.2710000441359564,1.9621131951646629,0.43530132651436887,0.03707585130246669,-1198.118587801778,0.5983313353588069,8.492081740072578,0.19647466970186211,1.146187256819523,12.456222426200043,0.5165519979590028,-1.7418632775853304,0.22722650917518802,-0.06405193999659782,4.696632144106829,0.32485795444610627,-830.210579790013,0.0,-73.04748220728335,8.798669155211131,0.0,-1.375065136111127,0.42393250632137797,0.03173699490740604,56.119120418356424,0.7686837255423568,-9.084642558929152,0.0,-0.6761800959689735,7.443111730404479,0.0,17.68603574308395,0.13610185222399904,1.3069791623096942,6.931688527945472,0.26331646203975717,1.9621131951646629,0.43530132651436887,0.03707585130246669,-1198.118587801778,0.5983313353588069,8.492081740072578,0.19647466970186211,1.146187256819523,12.456222426200043,0.5165519979590028,-1.7418632775853304,0.22722650917518802,-0.06405193999659782,4.696632144106829,0.32485795444610627,-830.2105797900127,0.0,-73.04748220728335,8.798669155211131,0.0,-13.643853600000003,-0.0036157688071975294,0.03173699490740604,56.119120418356424,0.0,-9.084642558929154,0.0,-0.6761800959689735,7.443111730404479,0.0,16.930252016692812,0.15745391684643606,1.3069791623096942,6.931688527945472,0.0,-0.07214239686732593,0.5246463654200879,0.03707585130246669,-1198.118587801778,0.0,13.503309450453578,0.3401980897757396,1.146187256819523,12.456222426200043,0.0,-3.0696551509029177,0.2982251103909348,-0.06405193999659782,4.696632144106829,0.0
23,24,C,1.0,0.08951247083056652,1.3426870624584977,1.0,1.3146785085737718,2.6293570171475436,0.0,0.0,0.0,0.0,0.0,0.0,0.0,0.0,0.0,-830.210579790013,0.0,-73.04748220728335,8.798669155211131,0.0,-1.413142913888904,0.422605554743597,-1.0546130814814834,-86.96155464697374,0.7686837255423568,-9.084642558929152,0.0,-0.6761800959689735,7.443111730404479,0.0,18.043321386501002,0.12600797763988048,2.071094835067407,11.275801913151298,0.2710000441359564,2.1280532863228445,0.42801319420758405,-0.14488268542865743,-2018.3189635779027,0.5983313353588069,8.927789416662323,0.20897088840335867,0.7560713673962113,3.8766429164309297,0.5165519979590028,-1.9349201507485476,0.23754948841999002,-0.12810387999319564,4.189620959861256,0.32485795444610627,-830.210579790013,0.0,-73.04748220728335,8.798669155211131,0.0,-1.413142913888904,0.422605554743597,-1.0546130814814834,-86.96155464697374,0.7686837255423568,-9.084642558929152,0.0,-0.6761800959689735,7.443111730404479,0.0,18.043321386501002,0.12600797763988048,2.071094835067407,11.275801913151298,0.26331646203975717,2.1280532863228445,0.42801319420758405,-0.14488268542865743,-2018.3189635779027,0.5983313353588069,8.927789416662323,0.20897088840335867,0.7560713673962113,3.8766429164309297,0.5165519979590028,-1.9349201507485476,0.23754948841999002,-0.12810387999319564,4.189620959861256,0.32485795444610627,-830.2105797900127,0.0,-73.04748220728335,8.798669155211131,0.0,-13.643853600000003,-0.0036157688071975294,-1.0546130814814834,-86.96155464697374,0.0,-9.084642558929154,0.0,-0.6761800959689735,7.443111730404479,0.0,16.930252016692812,0.15745391684643606,2.071094835067407,11.275801913151298,0.0,-0.07214239686732593,0.5246463654200879,-0.14488268542865743,-2018.3189635779027,0.0,13.503309450453578,0.3401980897757396,0.7560713673962113,3.8766429164309297,0.0,-3.0696551509029177,0.2982251103909348,-0.12810387999319564,4.189620959861256,0.0
24,25,C,1.0,0.09006435009170054,1.3509652513755082,1.0,1.3146785085737718,2.6293570171475436,0.0,0.0,0.0,0.0,0.0,0.0,0.0,0.0,0.0,-830.210579790013,0.0,-73.04748220728335,8.798669155211131,0.0,-2.32798226203705,0.3907248204337881,-0.06407685185185284,-73.35653343536502,0.7686837255423568,-9.084642558929152,0.0,-0.6761800959689735,7.443111730404479,0.0,18.026379038623176,0.1264866252927885,0.9959427497514602,5.3324078182975905,0.2710000441359564,2.5809692059100513,0.40812100828215775,0.2677526604547114,5.9413688356516365,0.5983313353588069,8.904667040307709,0.20830773214665219,1.158558520654123,10.203485306357583,0.5165519979590028,-1.8164599946941145,0.23121528382913828,-0.45455772310894776,-69.67940172948111,0.32485795444610627,-830.210579790013,0.0,-73.04748220728335,8.798669155211131,0.0,-2.32798226203705,0.3907248204337881,-0.06407685185185284,-73.35653343536502,0.7686837255423568,-9.084642558929152,0.0,-0.6761800959689735,7.443111730404479,0.0,18.026379038623176,0.1264866252927885,0.9959427497514602,5.3324078182975905,0.26331646203975717,2.5809692059100513,0.40812100828215775,0.2677526604547114,5.9413688356516365,0.5983313353588069,8.904667040307709,0.20830773214665219,1.158558520654123,10.203485306357583,0.5165519979590028,-1.8164599946941145,0.23121528382913828,-0.45455772310894776,-69.67940172948111,0.32485795444610627,-830.2105797900127,0.0,-73.04748220728335,8.798669155211131,0.0,-13.643853600000003,-0.0036157688071975294,-0.06407685185185284,-73.35653343536502,0.0,-9.084642558929154,0.0,-0.6761800959689735,7.443111730404479,0.0,16.930252016692812,0.15745391684643606,0.9959427497514602,5.3324078182975905,0.0,-0.07214239686732593,0.5246463654200879,0.2677526604547114,5.9413688356516365,0.0,13.503309450453578,0.3401980897757396,1.158558520654123,10.203485306357583,0.0,-3.0696551509029177,0.2982251103909348,-0.45455772310894776,-69.67940172948111,0.0
25,26,A,1.0,0.10159376309568201,1.320718920243866,1.0,1.3146785085737718,2.6293570171475436,0.0,0.0,0.0,0.0,0.0,0.0,0.0,0.0,0.0,-830.210579790013,0.0,-73.04748220728335,8.798669155211131,0.0,-3.4668829583333465,0.3510358951843695,0.09194511111111055,92.46644826181365,0.7686837255423568,-9.084642558929152,0.0,-0.6761800959689735,7.443111730404479,0.0,18.111204168117947,0.12409018358157659,0.8761127062335681,4.979158614982377,0.2710000441359564,2.8156808067962467,0.39781241323887023,0.35552408015303044,11.198366696369712,0.5983313353588069,9.45762338540428,0.22416667563552992,0.7704120147921399,6.1593658585650966,0.5165519979590028,-1.733126661360781,0.22675935197701055,-0.3107468846801376,-29.5740869348881,0.32485795444610627,-830.210579790013,0.0,-73.04748220728335,8.798669155211131,0.0,-3.297866257575771,0.3569258654197776,0.09194511111111055,92.46644826181365,0.0,-9.084642558929152,0.0,-0.6761800959689735,7.443111730404479,0.0,17.8356276010495,0.1318756497976481,0.8761127062335681,4.979158614982377,0.0,2.742903002151936,0.40100883349839306,0.35552408015303044,11.198366696369712,0.0,9.929318960354987,0.2376950373831295,0.7704120147921399,6.1593658585650966,0.0,-1.9815927214844884,0.2400451259547456,-0.3107468846801376,-29.5740869348881,0.0,-830.2105797900127,0.0,-73.04748220728335,8.798669155211131,0.0,-13.643853600000003,-0.0036157688071975294,0.09194511111111055,92.46644826181365,0.0,-9.084642558929154,0.0,-0.6761800959689735,7.443111730404479,0.0,16.930252016692812,0.15745391684643606,0.8761127062335681,4.979158614982377,0.0,-0.07214239686732593,0.5246463654200879,0.35552408015303044,11.198366696369712,0.0,13.503309450453578,0.3401980897757396,0.7704120147921399,6.1593658585650966,0.0,-3.0696551509029177,0.2982251103909348,-0.3107468846801376,-29.5740869348881,0.0
26,27,A,1.0,0.1134668953301191,1.361602743961429,1.0,1.3146785085737718,2.6293570171475436,0.0,0.0,0.0,0.0,0.0,0.0,0.0,0.0,0.0,-830.210579790013,0.0,-73.04748220728335,8.798669155211131,0.0,-4.272129121296309,0.3229743136319568,-0.6242398148148157,135.71153994892646,0.7686837255423568,-9.084642558929152,0.0,-0.6761800959689735,7.443111730404479,0.0,18.06625522696962,0.12536006101158145,1.8029636048427695,10.633720066336634,0.2710000441359564,2.8586361355199865,0.39592580394008653,0.3013530548236389,11.22537083474429,0.5983313353588069,9.764889567423984,0.23297915615032105,0.35574767174554317,2.920029099309629,0.5165519979590028,-1.4733817832652278,0.21287048626821428,0.08333333333333343,-4.64513264097275,0.32485795444610627,-830.2105797900128,0.0,-73.04748220728335,8.798669155211131,0.0,-4.061341612222235,0.3303199318393721,-0.6242398148148157,135.71153994892646,0.0,-9.084642558929152,0.0,-0.6761800959689735,7.443111730404479,0.0,17.450996991189374,0.14274206217293978,1.8029636048427695,10.633720066336634,0.0,2.70711603104725,0.4025806066512801,0.3013530548236389,11.22537083474429,0.0,10.864073068719474,0.26450404809799843,0.35574767174554317,2.920029099309629,0.0,-1.9680581399182735,0.23932141587747213,0.08333333333333343,-4.64513264097275,0.0,-830.2105797900127,0.0,-73.04748220728335,8.798669155211131,0.0,-13.643853600000003,-0.0036157688071975294,-0.6242398148148157,135.71153994892646,0.0,-9.084642558929154,0.0,-0.6761800959689735,7.443111730404479,0.0,16.930252016692812,0.15745391684643606,1.8029636048427695,10.633720066336634,0.0,-0.07214239686732593,0.5246463654200879,0.3013530548236389,11.22537083474429,0.0,13.503309450453578,0.3401980897757396,0.35574767174554317,2.920029099309629,0.0,-3.0696551509029177,0.2982251103909348,0.08333333333333343,-4.64513264097275,0.0
27,28,A,1.0,0.13325947494735574,1.3325947494735573,1.0,1.3146785085737718,2.6293570171475436,0.0,0.0,0.0,0.0,0.0,0.0,0.0,0.0,0.0,-830.210579790013,0.0,-74.1736780420901,8.934320984062987,0.0,-3.931611017171731,0.33484084214021403,-0.3681949494949505,176.940733310542,0.7686837255423568,-9.084642558929152,0.0,-1.0136717779085502,11.15808102887029,0.0,17.991959968859263,0.12745901749465877,2.0600117128642514,11.94429184132055,0.2710000441359564,3.1182677857998784,0.38452271379434816,0.32874878708033334,9.782885689602569,0.5983313353588069,9.939882751166545,0.23799800987452854,0.38808836917695616,5.1959637199881055,0.5165519979590028,-1.2829861626424708,0.2026898073429514,0.09090909090909101,50.444458474423385,0.32485795444610627,-830.2105797900128,0.0,-74.1736780420901,8.934320984062987,0.0,-3.6217319839506317,0.3456396464836216,-0.3681949494949505,176.940733310542,0.0,-9.084642558929154,0.0,-1.0136717779085502,11.15808102887029,0.0,17.291829649523354,0.14723878689240738,2.0600117128642514,11.94429184132055,0.0,3.0076080364479254,0.3893829189966214,0.32874878708033334,9.782885689602569,0.0,11.200085126770993,0.2741409684217717,0.38808836917695616,5.1959637199881055,0.0,-1.7903164210074647,0.22981735603651277,0.09090909090909101,50.444458474423385,0.0,-830.2105797900127,0.0,-74.1736780420901,8.934320984062987,0.0,-13.643853600000003,-0.0036157688071975294,-0.3681949494949505,176.940733310542,0.0,-9.084642558929154,0.0,-1.0136717779085502,11.15808102887029,0.0,16.930252016692812,0.15745391684643606,2.0600117128642514,11.94429184132055,0.0,-0.07214239686732593,0.5246463654200879,0.32874878708033334,9.782885689602569,0.0,13.503309450453578,0.3401980897757396,0.38808836917695616,5.1959637199881055,0.0,-3.0696551509029177,0.2982251103909348,0.09090909090909101,50.444458474423385,0.0
28,29,A,1.0,0.14346321230395873,1.1477056984316698,1.0,2.8018115809166844,2.8018115809166844,0.0,0.0,0.0,0.0,0.0,0.0,0.0,0.0,0.0,-830.2105797900128,0.0,-73.75508741303206,8.883901170193123,0.0,-2.879492314444459,0.37150554932834134,-0.0826277777777789,122.21991816508367,0.7686837255423568,-9.084642558929152,0.0,-1.2920503873453992,14.222357995532395,0.0,17.964674444717183,0.1282298759484662,2.2453043590393342,12.824277598113392,0.2710000441359564,3.605078681367479,0.3631418516379023,0.36162366578836663,12.260565099997674,0.5983313353588069,9.567797473301317,0.22732649946139194,0.42689720609465176,5.669817526153571,0.5165519979590028,-1.1333438791250434,0.19468825753234614,0.10000000000000012,63.28427124746128,0.32485795444610627,-830.2105797900128,0.0,-73.75508741303206,8.883901170193123,0.0,-2.2678487263889044,0.39282038101170663,-0.0826277777777789,122.21991816508367,0.0,-9.084642558929154,0.0,-1.2920503873453992,14.222357995532395,0.0,17.170206454428765,0.15067483113438523,2.2453043590393342,12.824277598113392,0.0,3.6022891872384317,0.3632643669513482,0.36162366578836663,12.260565099997674,0.0,10.892503826390016,0.26531945022375636,0.42689720609465176,5.669817526153571,0.0,-1.6666798489063048,0.22320636235995142,0.10000000000000012,63.28427124746128,0.0,-830.2105797900127,0.0,-73.75508741303206,8.883901170193123,0.0,-12.834909155555563,0.02457469212666348,-0.0826277777777789,122.21991816508367,0.0,-9.084642558929154,0.0,-1.2920503873453992,14.222357995532395,0.0,15.59568882310559,0.1951574007362875,2.2453043590393342,12.824277598113392,0.0,1.6055563761414717,0.45096139548136893,0.36162366578836663,12.260565099997674,0.0,13.345883371088332,0.33568306554558447,0.42689720609465176,5.669817526153571,0.0,-3.359901303989092,0.31374491533286564,0.10000000000000012,63.28427124746128,0.0
29,30,A,1.0,0.1302006940109525,0.9114048580766675,0.0,0.0,0.0,0.0,0.0,0.0,0.0,0.0,0.0,0.0,0.0,0.0,-830.2105797900128,0.0,-71.14307363260768,8.569280537306822,0.0,-1.7733348876543367,0.41005342235075004,0.2567839506172827,10.269176423730968,0.7686837255423568,-9.084642558929154,0.0,-1.4916115667786107,16.419045186456223,0.0,18.2278950693407,0.12079348430537494,2.3042636680340305,12.776803048280861,0.2710000441359564,3.827247826392591,0.3533841245441838,0.40180407309818517,10.716317963405679,0.5983313353588069,9.148010151324984,0.21528688100759275,0.4743302289940575,5.374339058504152,0.5165519979590028,-0.885948609695705,0.1814597399989551,0.11111111111111123,11.11111111111111,0.32485795444610627,-830.2105797900128,0.0,-71.14307363260768,8.569280537306822,0.0,-0.7582686650793818,0.4454269079952843,0.2567839506172827,10.269176423730968,0.0,-9.084642558929154,0.0,-1.4916115667786107,16.419045186456223,0.0,17.395137544617793,0.1443201783341135,2.3042636680340305,12.776803048280861,0.0,3.8875367316808545,0.35073622001848814,0.40180407309818517,10.716317963405679,0.0,10.542021034290258,0.2552675051777809,0.4743302289940575,5.374339058504152,0.0,-1.424791069608764,0.2102722833638208,0.11111111111111123,11.11111111111111,0.0,0.0,0.0,0.0,0.0,0.0,0.0,0.0,0.0,0.0,0.0,0.0,0.0,0.0,0.0,0.0,0.0,0.0,0.0,0.0,0.0,0.0,0.0,0.0,0.0,0.0,0.0,0.0,0.0,0.0,0.0,0.0,0.0,0.0,0.0,0.0
30,31,A,1.0,0.13490482750954516,0.8094289650572709,0.0,0.0,0.0,0.0,0.0,0.0,0.0,0.0,0.0,0.0,0.0,0.0,-830.2105797900128,0.0,-67.49114611746468,8.129400872551564,0.0,-0.5908340000000167,0.45126174673768465,0.4236666666666653,-65.93079878038868,0.7686837255423568,-9.084642558929154,0.0,-1.741063041070125,19.164904175111012,0.0,18.296240463032984,0.1188626207371267,2.318751028139631,12.660834317561413,0.2710000441359564,3.6930571524615257,0.35927781412287624,0.41254255358653413,10.0556576894972,0.5983313353588069,8.734907280728711,0.20343897449928547,0.5753940854541838,7.853689735210651,0.5165519979590028,-0.7642876540743488,0.17495438487119308,0.06250000000000007,6.25,0.32485795444610627,-830.2105797900127,0.0,-67.49114611746468,8.129400872551564,0.0,0.9875768888888704,0.5062669214519528,0.4236666666666653,-65.93079878038868,0.0,-9.084642558929154,0.0,-1.741063041070125,19.164904175111012,0.0,17.347471815420352,0.14566680924790562,2.318751028139631,12.660834317561413,0.0,3.718663983987478,0.3581531553691288,0.41254255358653413,10.0556576894972,0.0,10.22355235398944,0.24613373386173587,0.5753940854541838,7.853689735210651,0.0,-1.3523835387657988,0.20640056708761575,0.06250000000000007,6.25,0.0,0.0,0.0,0.0,0.0,0.0,0.0,0.0,0.0,0.0,0.0,0.0,0.0,0.0,0.0,0.0,0.0,0.0,0.0,0.0,0.0,0.0,0.0,0.0,0.0,0.0,0.0,0.0,0.0,0.0,0.0,0.0,0.0,0.0,0.0,0.0
31,32,A,1.0,0.16440103332226258,0.8220051666113128,0.0,0.0,0.0,0.0,0.0,0.0,0.0,0.0,0.0,0.0,0.0,0.0,-830.2105797900128,0.0,-61.66932742251044,7.428154846943607,0.0,-0.09381409523811333,0.4685821205961939,0.5000634920634907,-112.68565070744657,0.7686837255423568,-9.084642558929154,0.0,-1.9746924616829276,21.73660051976435,0.0,18.128982982910966,0.1235879044385954,2.26717877142354,12.481776719313126,0.2710000441359564,3.9797885353994724,0.34668449661428724,0.41452435559803164,11.071023922533447,0.5983313353588069,7.175284083384051,0.15870854257646874,0.7098517390882854,12.550797956008042,0.5165519979590028,-0.5950045733585495,0.16590261841453893,0.0,0.0,0.32485795444610627,-830.2105797900127,0.0,-61.66932742251044,7.428154846943607,0.0,1.9990869333333126,0.5415164797967195,0.5000634920634907,-112.68565070744657,0.0,-9.084642558929154,0.0,-1.9746924616829276,21.73660051976435,0.0,16.923557613727002,0.15764304413211758,2.26717877142354,12.481776719313126,0.0,4.125209286405795,0.3402975791063547,0.41452435559803164,11.071023922533447,0.0,8.337808892359066,0.19205008104228252,0.7098517390882854,12.550797956008042,0.0,-1.2330064027019696,0.2000173304915845,0.0,0.0,0.0,0.0,0.0,0.0,0.0,0.0,0.0,0.0,0.0,0.0,0.0,0.0,0.0,0.0,0.0,0.0,0.0,0.0,0.0,0.0,0.0,0.0,0.0,0.0,0.0,0.0,0.0,0.0,0.0,0.0,0.0,0.0,0.0,0.0,0.0,0.0
32,33,A,1.0,0.28480899888454314,0.8544269966536294,0.0,0.0,0.0,0.0,0.0,0.0,0.0,0.0,0.0,0.0,0.0,0.0,-830.2105797900127,0.0,-53.466952296218174,6.440167542762669,0.0,-0.1297349629629793,0.4673303339929696,0.5685925925925913,-28.00808790618097,0.7686837255423568,-9.084642558929154,0.0,-2.1242796110818065,23.383194190660646,0.0,18.35643076554899,0.11716215116615225,2.1654827090644284,11.891770026210049,0.2710000441359564,4.330328125784713,0.3312887059065522,0.32924749527622404,7.274202502668177,0.5983313353588069,6.316687648102231,0.13408375534392833,0.7245116257006452,14.608051124686455,0.5165519979590028,-0.5763208720538832,0.16490357881742965,0.0,0.0,0.32485795444610627,-830.2105797900127,0.0,-53.466952296218174,6.440167542762669,0.0,2.46843088888887,0.5578723896920144,0.5685925925925913,-28.00808790618097,0.0,-9.084642558929154,0.0,-2.1242796110818065,23.383194190660646,0.0,16.96337294538805,0.1565181991468334,2.1654827090644284,11.891770026210049,0.0,4.687373859735236,0.31560716366776903,0.32924749527622404,7.274202502668177,0.0,7.340545441680089,0.16344828480992538,0.7245116257006452,14.608051124686455,0.0,-1.3644813080808251,0.20704744911518197,0.0,0.0,0.0,0.0,0.0,0.0,0.0,0.0,0.0,0.0,0.0,0.0,0.0,0.0,0.0,0.0,0.0,0.0,0.0,0.0,0.0,0.0,0.0,0.0,0.0,0.0,0.0,0.0,0.0,0.0,0.0,0.0,0.0,0.0,0.0,0.0,0.0,0.0
33,34,A,1.0,0.46248277552085576,0.9249655510417115,0.0,0.0,0.0,0.0,0.0,0.0,0.0,0.0,0.0,0.0,0.0,0.0,-830.2105797900127,0.0,-45.3813224388751,5.466242365925224,0.0,-1.3672133333333467,0.4242061294867109,0.31893333333333235,-25.29418136344868,0.7686837255423568,-9.084642558929154,0.0,-2.2311148199666837,24.559192125547703,0.0,19.24656465782252,0.09201448560155981,2.0661078440300167,10.809237236069583,0.2710000441359564,4.443515040300783,0.3263175069477453,0.22641463288862504,4.779686667635561,0.5983313353588069,6.62433515264963,0.14290717229605562,0.5103244588197114,10.867585426033022,0.5165519979590028,-0.3004460756697021,0.15015222730853922,0.0,0.0,0.32485795444610627,-830.2105797900127,0.0,-45.3813224388751,5.466242365925224,0.0,1.2720222222222077,0.5161794007479314,0.31893333333333235,-25.29418136344868,0.0,-9.084642558929154,0.0,-2.2311148199666837,24.559192125547703,0.0,17.982576825790286,0.12772410586607305,2.0661078440300167,10.809237236069583,0.0,4.995033961912192,0.3020946513234965,0.22641463288862504,4.779686667635561,0.0,8.194577213785038,0.1879421562188032,0.5103244588197114,10.867585426033022,0.0,-1.167410126116171,0.19650982003294873,0.0,0.0,0.0,0.0,0.0,0.0,0.0,0.0,0.0,0.0,0.0,0.0,0.0,0.0,0.0,0.0,0.0,0.0,0.0,0.0,0.0,0.0,0.0,0.0,0.0,0.0,0.0,0.0,0.0,0.0,0.0,0.0,0.0,0.0,0.0,0.0,0.0,0.0
34,35,A,1.0,0.8770700187208738,0.8770700187208738,0.0,0.0,0.0,0.0,0.0,0.0,0.0,0.0,0.0,0.0,0.0,0.0,-830.2105797900127,0.0,-38.69513732494876,4.66088222276522,0.0,-2.8896833333333456,0.37115040810469313,-0.1416666666666671,-11.562978316826666,0.7686837255423568,-9.084642558929154,0.0,-2.0411995917115897,22.468683588495473,0.0,20.05682746016818,0.06912330243272859,1.9395892171481965,9.737407347727546,0.2710000441359564,4.6960281845299034,0.3152270634539557,0.2830182911107813,7.826321059319508,0.5983313353588069,6.553282665130176,0.14086936697144467,0.29910616892092556,7.006515026350574,0.5165519979590028,0.07427812195183342,0.1301152814532014,0.0,0.0,0.32485795444610627,-830.2105797900127,0.0,-38.69513732494876,4.66088222276522,0.0,-0.45330000000001314,0.45605459361450623,-0.1416666666666671,-11.562978316826666,0.0,-9.084642558929154,0.0,-2.0411995917115897,22.468683588495473,0.0,18.971108514465485,0.0997965496606672,1.9395892171481965,9.737407347727546,0.0,5.7758197111761405,0.2678023365237929,0.2830182911107813,7.826321059319508,0.0,8.837593269313835,0.20638403753095508,0.29910616892092556,7.006515026350574,0.0,-0.8514437560963343,0.1796147246844778,0.0,0.0,0.0,0.0,0.0,0.0,0.0,0.0,0.0,0.0,0.0,0.0,0.0,0.0,0.0,0.0,0.0,0.0,0.0,0.0,0.0,0.0,0.0,0.0,0.0,0.0,0.0,0.0,0.0,0.0,0.0,0.0,0.0,0.0,0.0,0.0,0.0,0.0
35,36,A,1.0,0.8770700187208738,0.8770700187208738,0.0,0.0,0.0,0.0,0.0,0.0,0.0,0.0,0.0,0.0,0.0,0.0,-830.2105797900127,0.0,-33.80099285535187,4.071375826588628,0.0,-4.370800000000012,0.31953578633813645,-0.6111111111111109,17.95409067312476,0.7686837255423568,-9.084642558929154,0.0,-1.4637963037821515,16.112866238676713,0.0,20.841567508153872,0.04695317673233315,1.8856161891007182,9.060003196260313,0.2710000441359564,4.699008261306299,0.3150961777006747,0.18867886074052087,5.217547372879672,0.5983313353588069,5.540283829032785,0.11181627545992268,0.16385887177707678,3.838368334056183,0.5165519979590028,0.6952621458756361,0.09691053155082686,0.0,0.0,0.32485795444610627,-830.2105797900127,0.0,-33.80099285535187,4.071375826588628,0.0,-2.4602666666666777,0.38611491382464924,-0.6111111111111109,17.95409067312476,0.0,-9.084642558929154,0.0,-1.4637963037821515,16.112866238676713,0.0,20.239609712719865,0.06395941978741952,1.8856161891007182,9.060003196260313,0.0,6.864551468151564,0.21998495233378726,0.18867886074052087,5.217547372879672,0.0,8.082907365205322,0.18473943355589942,0.16385887177707678,3.838368334056183,0.0,0.08578643762690596,0.12949991820863063,0.0,0.0,0.0,0.0,0.0,0.0,0.0,0.0,0.0,0.0,0.0,0.0,0.0,0.0,0.0,0.0,0.0,0.0,0.0,0.0,0.0,0.0,0.0,0.0,0.0,0.0,0.0,0.0,0.0,0.0,0.0,0.0,0.0,0.0,0.0,0.0,0.0,0.0
36,37,A,0.0,0.0,0.0,0.0,0.0,0.0,0.0,0.0,0.0,0.0,0.0,0.0,0.0,0.0,0.0,-830.2105797900127,0.0,-32.027475258749746,3.8577532060420783,0.0,-5.326066666666678,0.2862462225948801,-0.833333333333333,15.646318108422685,0.7686837255423568,-9.084642558929154,0.0,-1.0952655907634345,12.056232082427009,0.0,21.142546405870874,0.03845005520478997,1.9679312718719983,9.307919841318366,0.2710000441359564,3.6162366578836664,0.3626517903841185,0.0,0.0,0.5983313353588069,4.268972060946518,0.07535469641193429,0.0,0.0,0.5165519979590028,1.000000000000001,0.08061583822192499,0.0,0.0,0.32485795444610627,0.0,0.0,0.0,0.0,0.0,0.0,0.0,0.0,0.0,0.0,0.0,0.0,0.0,0.0,0.0,0.0,0.0,0.0,0.0,0.0,0.0,0.0,0.0,0.0,0.0,0.0,0.0,0.0,0.0,0.0,0.0,0.0,0.0,0.0,0.0,0.0,0.0,0.0,0.0,0.0,0.0,0.0,0.0,0.0,0.0,0.0,0.0,0.0,0.0,0.0,0.0,0.0,0.0,0.0,0.0,0.0,0.0,0.0,0.0,0.0,0.0,0.0,0.0,0.0,0.0,0.0,0.0,0.0,0.0,0.0
37,38,A,0.0,0.0,0.0,0.0,0.0,0.0,0.0,0.0,0.0,0.0,0.0,0.0,0.0,0.0,0.0,-830.2105797900127,0.0,-32.05908537036659,3.8615606872265316,0.0,-5.326066666666678,0.2862462225948801,-0.8888888888888886,16.68940598231753,0.7686837255423568,-9.084642558929154,0.0,-1.0952655907634345,12.056232082427009,0.0,21.142546405870874,0.03845005520478997,2.010599287878243,9.509730991154115,0.2710000441359564,3.6162366578836664,0.3626517903841185,0.0,0.0,0.5983313353588069,4.268972060946518,0.07535469641193429,0.0,0.0,0.5165519979590028,1.000000000000001,0.08061583822192499,0.0,0.0,0.32485795444610627,0.0,0.0,0.0,0.0,0.0,0.0,0.0,0.0,0.0,0.0,0.0,0.0,0.0,0.0,0.0,0.0,0.0,0.0,0.0,0.0,0.0,0.0,0.0,0.0,0.0,0.0,0.0,0.0,0.0,0.0,0.0,0.0,0.0,0.0,0.0,0.0,0.0,0.0,0.0,0.0,0.0,0.0,0.0,0.0,0.0,0.0,0.0,0.0,0.0,0.0,0.0,0.0,0.0,0.0,0.0,0.0,0.0,0.0,0.0,0.0,0.0,0.0,0.0,0.0,0.0,0.0,0.0,0.0,0.0,0.0
